[{"pk": 3, "model": "cluster.cluster", "fields": {"note": "Cluster voor Centrale User Administratie.", "updated_on": "2009-07-28 16:08:54", "created_on": "2009-07-28 16:08:54", "name": "CUA", "tags": "cua"}}, {"pk": 2, "model": "cluster.cluster", "fields": {"note": "", "updated_on": "2009-07-28 16:08:05", "created_on": "2009-07-28 16:08:05", "name": "Gina", "tags": "amsterdam"}}, {"pk": 1, "model": "cluster.cluster", "fields": {"note": "Beowulf cluster in Almere.", "updated_on": "2009-07-28 16:07:40", "created_on": "2009-07-28 16:07:40", "name": "Lisa", "tags": "almere"}}, {"pk": 5, "model": "cluster.network", "fields": {"domain": "cua.sara.nl", "name": "cua", "tags": "", "netaddress": "145.100.5.64", "vlan": 922, "netmask": "255.255.255.192", "note": "", "prefix": "", "created_on": "2009-07-29 10:46:15", "updated_on": "2009-07-29 10:46:15"}}, {"pk": 6, "model": "cluster.network", "fields": {"domain": "icua.sara.nl", "name": "icua", "tags": "", "netaddress": "192.168.221.0", "vlan": null, "netmask": "255.255.255.0", "note": "", "prefix": "", "created_on": "2009-07-29 10:47:50", "updated_on": "2009-07-29 10:47:50"}}, {"pk": 4, "model": "cluster.network", "fields": {"domain": "irc.sara.nl", "name": "lisa admin", "tags": "", "netaddress": "192.168.144.0", "vlan": 133, "netmask": "255.255.248.0", "note": "", "prefix": "gb-", "created_on": "2009-07-29 10:34:05", "updated_on": "2009-07-29 10:49:24"}}, {"pk": 2, "model": "cluster.network", "fields": {"domain": "irc.sara.nl", "name": "lisa console", "tags": "", "netaddress": "192.168.136.0", "vlan": 132, "netmask": "255.255.248.0", "note": "", "prefix": "dr-", "created_on": "2009-07-29 10:32:25", "updated_on": "2009-07-29 10:49:37"}}, {"pk": 7, "model": "cluster.network", "fields": {"domain": "irc.sara.nl", "name": "lisa gb2", "tags": "", "netaddress": "192.168.160.0", "vlan": 135, "netmask": "255.255.248.0", "note": "", "prefix": "gb2-", "created_on": "2009-07-29 10:49:08", "updated_on": "2009-07-29 10:49:08"}}, {"pk": 1, "model": "cluster.network", "fields": {"domain": "irc.sara.nl", "name": "lisa infiniband", "tags": "", "netaddress": "192.168.152.0", "vlan": 134, "netmask": "255.255.248.0", "note": "", "prefix": "ib-", "created_on": "2009-07-29 10:29:43", "updated_on": "2009-07-29 10:49:42"}}, {"pk": 3, "model": "cluster.network", "fields": {"domain": "irc.sara.nl", "name": "lisa switches", "tags": "", "netaddress": "192.168.168.0", "vlan": 136, "netmask": "255.255.248.0", "note": "", "prefix": "sw-", "created_on": "2009-07-29 10:33:32", "updated_on": "2009-07-29 10:49:31"}}, {"pk": 1, "model": "cluster.rack", "fields": {"capacity": 42, "room": 4, "tags": "", "label": "1", "note": "", "created_on": "2009-07-30 12:18:37", "updated_on": "2009-07-30 12:18:37"}}, {"pk": 10, "model": "cluster.rack", "fields": {"capacity": 42, "room": 4, "tags": "", "label": "10", "note": "", "created_on": "2009-07-30 12:18:49", "updated_on": "2009-07-30 12:18:49"}}, {"pk": 11, "model": "cluster.rack", "fields": {"capacity": 42, "room": 4, "tags": "", "label": "11", "note": "", "created_on": "2009-07-30 12:18:50", "updated_on": "2009-07-30 12:18:50"}}, {"pk": 12, "model": "cluster.rack", "fields": {"capacity": 42, "room": 4, "tags": "", "label": "12", "note": "", "created_on": "2009-07-30 12:18:51", "updated_on": "2009-07-30 12:18:51"}}, {"pk": 13, "model": "cluster.rack", "fields": {"capacity": 42, "room": 4, "tags": "", "label": "13", "note": "", "created_on": "2009-07-30 12:18:53", "updated_on": "2009-07-30 12:18:53"}}, {"pk": 14, "model": "cluster.rack", "fields": {"capacity": 42, "room": 4, "tags": "", "label": "14", "note": "", "created_on": "2009-07-30 12:18:54", "updated_on": "2009-07-30 12:18:54"}}, {"pk": 15, "model": "cluster.rack", "fields": {"capacity": 42, "room": 4, "tags": "", "label": "15", "note": "", "created_on": "2009-07-30 12:18:55", "updated_on": "2009-07-30 12:18:55"}}, {"pk": 16, "model": "cluster.rack", "fields": {"capacity": 42, "room": 4, "tags": "", "label": "16", "note": "", "created_on": "2009-07-30 12:18:57", "updated_on": "2009-07-30 12:18:57"}}, {"pk": 17, "model": "cluster.rack", "fields": {"capacity": 42, "room": 4, "tags": "", "label": "17", "note": "", "created_on": "2009-07-30 12:18:58", "updated_on": "2009-07-30 12:18:58"}}, {"pk": 18, "model": "cluster.rack", "fields": {"capacity": 42, "room": 4, "tags": "", "label": "18", "note": "", "created_on": "2009-07-30 12:18:59", "updated_on": "2009-07-30 12:18:59"}}, {"pk": 19, "model": "cluster.rack", "fields": {"capacity": 42, "room": 4, "tags": "", "label": "19", "note": "", "created_on": "2009-07-30 12:19:01", "updated_on": "2009-07-30 12:19:01"}}, {"pk": 2, "model": "cluster.rack", "fields": {"capacity": 42, "room": 4, "tags": "", "label": "2", "note": "", "created_on": "2009-07-30 12:18:38", "updated_on": "2009-07-30 12:18:38"}}, {"pk": 20, "model": "cluster.rack", "fields": {"capacity": 42, "room": 4, "tags": "", "label": "20", "note": "", "created_on": "2009-07-30 12:19:02", "updated_on": "2009-07-30 12:19:02"}}, {"pk": 21, "model": "cluster.rack", "fields": {"capacity": 42, "room": 4, "tags": "", "label": "21", "note": "", "created_on": "2009-07-30 12:19:03", "updated_on": "2009-07-30 12:19:03"}}, {"pk": 22, "model": "cluster.rack", "fields": {"capacity": 42, "room": 4, "tags": "", "label": "22", "note": "", "created_on": "2009-07-30 12:19:05", "updated_on": "2009-07-30 12:19:05"}}, {"pk": 23, "model": "cluster.rack", "fields": {"capacity": 42, "room": 4, "tags": "", "label": "23", "note": "", "created_on": "2009-07-30 12:19:06", "updated_on": "2009-07-30 12:19:06"}}, {"pk": 24, "model": "cluster.rack", "fields": {"capacity": 42, "room": 4, "tags": "", "label": "24", "note": "", "created_on": "2009-07-30 12:19:07", "updated_on": "2009-07-30 12:19:07"}}, {"pk": 25, "model": "cluster.rack", "fields": {"capacity": 42, "room": 4, "tags": "", "label": "25", "note": "", "created_on": "2009-07-30 12:19:09", "updated_on": "2009-07-30 12:19:09"}}, {"pk": 26, "model": "cluster.rack", "fields": {"capacity": 42, "room": 4, "tags": "", "label": "26", "note": "", "created_on": "2009-07-30 12:19:10", "updated_on": "2009-07-30 12:19:10"}}, {"pk": 27, "model": "cluster.rack", "fields": {"capacity": 42, "room": 4, "tags": "", "label": "27", "note": "", "created_on": "2009-07-30 12:19:11", "updated_on": "2009-07-30 12:19:11"}}, {"pk": 28, "model": "cluster.rack", "fields": {"capacity": 42, "room": 4, "tags": "", "label": "28", "note": "", "created_on": "2009-07-30 12:19:13", "updated_on": "2009-07-30 12:19:13"}}, {"pk": 29, "model": "cluster.rack", "fields": {"capacity": 42, "room": 4, "tags": "", "label": "29", "note": "", "created_on": "2009-07-30 12:19:14", "updated_on": "2009-07-30 12:19:14"}}, {"pk": 3, "model": "cluster.rack", "fields": {"capacity": 42, "room": 4, "tags": "", "label": "3", "note": "", "created_on": "2009-07-30 12:18:40", "updated_on": "2009-07-30 12:18:40"}}, {"pk": 30, "model": "cluster.rack", "fields": {"capacity": 42, "room": 4, "tags": "", "label": "30", "note": "", "created_on": "2009-07-30 12:19:15", "updated_on": "2009-07-30 12:19:15"}}, {"pk": 31, "model": "cluster.rack", "fields": {"capacity": 42, "room": 4, "tags": "", "label": "31", "note": "", "created_on": "2009-07-30 12:19:16", "updated_on": "2009-07-30 12:19:16"}}, {"pk": 32, "model": "cluster.rack", "fields": {"capacity": 42, "room": 4, "tags": "", "label": "32", "note": "", "created_on": "2009-07-30 12:19:18", "updated_on": "2009-07-30 12:19:18"}}, {"pk": 33, "model": "cluster.rack", "fields": {"capacity": 42, "room": 4, "tags": "", "label": "33", "note": "", "created_on": "2009-07-30 12:19:19", "updated_on": "2009-07-30 12:19:19"}}, {"pk": 34, "model": "cluster.rack", "fields": {"capacity": 42, "room": 4, "tags": "", "label": "34", "note": "", "created_on": "2009-07-30 12:19:20", "updated_on": "2009-07-30 12:19:20"}}, {"pk": 35, "model": "cluster.rack", "fields": {"capacity": 42, "room": 4, "tags": "", "label": "35", "note": "", "created_on": "2009-07-30 12:19:22", "updated_on": "2009-07-30 12:19:22"}}, {"pk": 36, "model": "cluster.rack", "fields": {"capacity": 42, "room": 4, "tags": "", "label": "36", "note": "", "created_on": "2009-07-30 12:19:23", "updated_on": "2009-07-30 12:19:23"}}, {"pk": 37, "model": "cluster.rack", "fields": {"capacity": 42, "room": 4, "tags": "", "label": "37", "note": "", "created_on": "2009-07-30 12:19:24", "updated_on": "2009-07-30 12:19:24"}}, {"pk": 38, "model": "cluster.rack", "fields": {"capacity": 42, "room": 4, "tags": "", "label": "38", "note": "", "created_on": "2009-07-30 12:19:26", "updated_on": "2009-07-30 12:19:26"}}, {"pk": 39, "model": "cluster.rack", "fields": {"capacity": 42, "room": 4, "tags": "", "label": "39", "note": "", "created_on": "2009-07-30 12:19:27", "updated_on": "2009-07-30 12:19:27"}}, {"pk": 4, "model": "cluster.rack", "fields": {"capacity": 42, "room": 4, "tags": "", "label": "4", "note": "", "created_on": "2009-07-30 12:18:41", "updated_on": "2009-07-30 12:18:41"}}, {"pk": 40, "model": "cluster.rack", "fields": {"capacity": 42, "room": 4, "tags": "", "label": "40", "note": "", "created_on": "2009-07-30 12:19:28", "updated_on": "2009-07-30 12:19:28"}}, {"pk": 41, "model": "cluster.rack", "fields": {"capacity": 42, "room": 4, "tags": "", "label": "41", "note": "", "created_on": "2009-07-30 12:19:30", "updated_on": "2009-07-30 12:19:30"}}, {"pk": 42, "model": "cluster.rack", "fields": {"capacity": 42, "room": 4, "tags": "", "label": "42", "note": "", "created_on": "2009-07-30 12:19:31", "updated_on": "2009-07-30 12:19:31"}}, {"pk": 43, "model": "cluster.rack", "fields": {"capacity": 42, "room": 4, "tags": "", "label": "43", "note": "", "created_on": "2009-07-30 12:19:33", "updated_on": "2009-07-30 12:19:33"}}, {"pk": 5, "model": "cluster.rack", "fields": {"capacity": 42, "room": 4, "tags": "", "label": "5", "note": "", "created_on": "2009-07-30 12:18:42", "updated_on": "2009-07-30 12:18:42"}}, {"pk": 44, "model": "cluster.rack", "fields": {"capacity": 42, "room": 4, "tags": "", "label": "50", "note": "", "created_on": "2009-07-30 12:19:34", "updated_on": "2009-07-30 12:19:34"}}, {"pk": 45, "model": "cluster.rack", "fields": {"capacity": 42, "room": 4, "tags": "", "label": "51", "note": "", "created_on": "2009-07-30 12:19:35", "updated_on": "2009-07-30 12:19:35"}}, {"pk": 46, "model": "cluster.rack", "fields": {"capacity": 42, "room": 4, "tags": "", "label": "52", "note": "", "created_on": "2009-07-30 12:19:37", "updated_on": "2009-07-30 12:19:37"}}, {"pk": 6, "model": "cluster.rack", "fields": {"capacity": 42, "room": 4, "tags": "", "label": "6", "note": "", "created_on": "2009-07-30 12:18:43", "updated_on": "2009-07-30 12:18:44"}}, {"pk": 7, "model": "cluster.rack", "fields": {"capacity": 42, "room": 4, "tags": "", "label": "7", "note": "", "created_on": "2009-07-30 12:18:45", "updated_on": "2009-07-30 12:18:45"}}, {"pk": 8, "model": "cluster.rack", "fields": {"capacity": 42, "room": 4, "tags": "", "label": "8", "note": "", "created_on": "2009-07-30 12:18:46", "updated_on": "2009-07-30 12:18:46"}}, {"pk": 9, "model": "cluster.rack", "fields": {"capacity": 42, "room": 4, "tags": "", "label": "9", "note": "", "created_on": "2009-07-30 12:18:48", "updated_on": "2009-07-30 12:18:48"}}, {"pk": 1, "model": "cluster.country", "fields": {"name": "Netherlands", "tags": "", "note": "", "created_on": "2009-07-29 11:52:34", "country_code": 31, "updated_on": "2009-07-29 11:52:34"}}, {"pk": 2, "model": "cluster.country", "fields": {"name": "Belgium", "tags": "", "note": "", "created_on": "2009-07-29 11:52:54", "country_code": 32, "updated_on": "2009-07-29 11:52:54"}}, {"pk": 3, "model": "cluster.country", "fields": {"name": "Germany", "tags": "", "note": "", "created_on": "2009-07-29 11:53:25", "country_code": 49, "updated_on": "2009-07-29 11:53:26"}}, {"pk": 4, "model": "cluster.country", "fields": {"name": "United Kingdom", "tags": "", "note": "", "created_on": "2009-07-29 11:53:46", "country_code": 44, "updated_on": "2009-07-29 11:53:46"}}, {"pk": 5, "model": "cluster.country", "fields": {"name": "United States", "tags": "", "note": "", "created_on": "2009-07-29 11:54:16", "country_code": 1, "updated_on": "2009-07-29 11:54:16"}}, {"pk": 6, "model": "cluster.country", "fields": {"name": "Canada", "tags": "", "note": "", "created_on": "2009-07-29 11:54:34", "country_code": 1, "updated_on": "2009-07-29 11:54:34"}}, {"pk": 1, "model": "cluster.address", "fields": {"city": "Almondsbury", "tags": "", "country": 4, "note": "", "created_on": "2009-07-29 14:31:47", "address": "2430 The Quadrant, Aztec West", "postalcode": "BS32 4AQ", "updated_on": "2009-07-29 14:31:47"}}, {"pk": 2, "model": "cluster.address", "fields": {"city": "Amsterdam", "tags": "", "country": 1, "note": "", "created_on": "2009-07-29 14:33:11", "address": "Transformatorweg 38-72", "postalcode": "1014AK", "updated_on": "2009-07-29 14:33:11"}}, {"pk": 3, "model": "cluster.address", "fields": {"city": "Frimley", "tags": "", "country": 4, "note": "", "created_on": "2009-07-29 14:33:42", "address": "Quatro House, Lyon Way, Camberley, Surrey", "postalcode": "GU16 7ER", "updated_on": "2009-07-29 14:33:42"}}, {"pk": 4, "model": "cluster.address", "fields": {"city": "Amsterdam", "tags": "", "country": 1, "note": "", "created_on": "2009-07-29 14:33:59", "address": "Science Park 121", "postalcode": "1098XG", "updated_on": "2009-07-29 14:33:59"}}, {"pk": 5, "model": "cluster.address", "fields": {"city": "Amsterdam", "tags": "", "country": 1, "note": "", "created_on": "2009-07-29 14:34:23", "address": "Science Park 402", "postalcode": "1098XH", "updated_on": "2009-07-29 14:34:23"}}, {"pk": 6, "model": "cluster.address", "fields": {"city": "Amsterdam", "tags": "", "country": 1, "note": "", "created_on": "2009-07-29 14:34:44", "address": "PO Box 94613", "postalcode": "1090GP", "updated_on": "2009-07-29 14:34:44"}}, {"pk": 7, "model": "cluster.address", "fields": {"city": "Almere", "tags": "", "country": 1, "note": "", "created_on": "2009-07-29 14:35:00", "address": "Randstad 22 153", "postalcode": "1316BM", "updated_on": "2009-07-29 14:35:00"}}, {"pk": 8, "model": "cluster.address", "fields": {"city": "Amersfoort", "tags": "", "country": 1, "note": "", "created_on": "2009-07-29 14:35:19", "address": "Saturnus 1", "postalcode": "3824ME", "updated_on": "2009-07-29 14:35:19"}}, {"pk": 1, "model": "cluster.room", "fields": {"floor": 0, "tags": "cave", "label": "S053", "note": "Cave voorruimte", "created_on": "2009-07-30 09:48:57", "address": 4, "updated_on": "2009-07-30 09:48:57"}}, {"pk": 2, "model": "cluster.room", "fields": {"floor": 0, "tags": "", "label": "S022", "note": "", "created_on": "2009-07-30 10:09:07", "address": 4, "updated_on": "2009-07-30 10:09:07"}}, {"pk": 3, "model": "cluster.room", "fields": {"floor": 1, "tags": "", "label": "Almere, 1e vloer", "note": "", "created_on": "2009-07-30 10:09:33", "address": 7, "updated_on": "2009-07-30 10:09:33"}}, {"pk": 4, "model": "cluster.room", "fields": {"floor": 2, "tags": "lisa", "label": "S206", "note": "", "created_on": "2009-07-30 10:09:40", "address": 7, "updated_on": "2009-08-04 17:13:56"}}, {"pk": 4, "model": "cluster.company", "fields": {"website": "http://nl.sun.com/", "name": "Sun Microsystems", "tags": "", "note": "", "created_on": "2009-07-30 09:18:38", "updated_on": "2009-07-30 09:18:38", "addresses": [8]}}, {"pk": 5, "model": "cluster.company", "fields": {"website": "http://petapath.com/", "name": "Petapath Ltd", "tags": "", "note": "", "created_on": "2009-07-30 09:19:21", "updated_on": "2009-07-30 09:19:21", "addresses": [1]}}, {"pk": 3, "model": "cluster.company", "fields": {"website": "http://qlogic.co.uk/", "name": "Qlogic", "tags": "", "note": "", "created_on": "2009-07-30 09:18:07", "updated_on": "2009-07-30 09:20:03", "addresses": [3]}}, {"pk": 2, "model": "cluster.company", "fields": {"website": "http://dell.nl/", "name": "Dell bv", "tags": "", "note": "", "created_on": "2009-07-30 09:17:38", "updated_on": "2009-07-30 09:20:18", "addresses": [2]}}, {"pk": 1, "model": "cluster.company", "fields": {"website": "http://sara.nl/", "name": "SARA Reken- en Netwerkdiensten", "tags": "", "note": "", "created_on": "2009-07-30 09:17:26", "updated_on": "2009-07-30 09:20:41", "addresses": [4, 5, 6, 7]}}, {"pk": 2, "model": "cluster.connection", "fields": {"name": "Bas van der Vlies", "tags": "", "company": 1, "note": "", "created_on": "2009-07-30 10:50:38", "address": 5, "active": true, "updated_on": "2009-07-30 10:50:38", "email": "basv@sara.nl"}}, {"pk": 3, "model": "cluster.connection", "fields": {"name": "Ramon Bastiaans", "tags": "", "company": 1, "note": "", "created_on": "2009-07-30 10:51:49", "address": 5, "active": true, "updated_on": "2009-07-30 10:51:49", "email": "ramon.bastiaans@sara.nl"}}, {"pk": 4, "model": "cluster.connection", "fields": {"name": "Jaap Dijkshoorn", "tags": "", "company": 1, "note": "", "created_on": "2009-07-30 10:52:29", "address": 5, "active": true, "updated_on": "2009-07-30 10:52:29", "email": "jaap@sara.nl"}}, {"pk": 5, "model": "cluster.connection", "fields": {"name": "Sil Westerveld", "tags": "", "company": 1, "note": "", "created_on": "2009-07-30 10:53:09", "address": 5, "active": true, "updated_on": "2009-07-30 10:53:09", "email": "sil.westerveld@sara.nl"}}, {"pk": 6, "model": "cluster.connection", "fields": {"name": "Michel Wilbrink", "tags": "", "company": 2, "note": "", "created_on": "2009-07-30 10:56:13", "address": 2, "active": true, "updated_on": "2009-07-30 10:56:13", "email": "Michel_Wilbrink@dell.com"}}, {"pk": 7, "model": "cluster.connection", "fields": {"name": "Marcel van Drunen", "tags": "", "company": 2, "note": "", "created_on": "2009-07-30 10:57:11", "address": 2, "active": true, "updated_on": "2009-07-30 10:57:11", "email": "Marcel_van_Drunen@dell.com"}}, {"pk": 8, "model": "cluster.connection", "fields": {"name": "Richard Wentges", "tags": "", "company": 2, "note": "", "created_on": "2009-07-30 10:58:05", "address": 2, "active": true, "updated_on": "2009-07-30 10:58:05", "email": "richard_wentges@dell.com"}}, {"pk": 9, "model": "cluster.connection", "fields": {"name": "Simone Fokken", "tags": "", "company": 2, "note": "", "created_on": "2009-07-30 10:58:36", "address": 2, "active": true, "updated_on": "2009-07-30 10:58:36", "email": "simone_fokken@dell.com"}}, {"pk": 10, "model": "cluster.connection", "fields": {"name": "Mark Buitenhuis", "tags": "", "company": 4, "note": "", "created_on": "2009-07-30 11:01:41", "address": 8, "active": true, "updated_on": "2009-07-30 11:01:41", "email": "Mark.Buitenhuis@Sun.COM"}}, {"pk": 11, "model": "cluster.connection", "fields": {"name": "Gold Support", "tags": "dell support", "company": 2, "note": "Press 3 for PowerEdge support.", "created_on": "2009-07-30 15:37:01", "address": 2, "active": true, "updated_on": "2009-07-30 15:37:01", "email": ""}}, {"pk": 12, "model": "cluster.connection", "fields": {"name": "Fast Track Dispatch", "tags": "dell support", "company": 2, "note": "", "created_on": "2009-07-30 15:37:46", "address": 2, "active": true, "updated_on": "2009-07-30 15:38:02", "email": ""}}, {"pk": 3, "model": "cluster.telephonenumber", "fields": {"tags": "", "areacode": "020", "country": 1, "subscriber_number": 5928012, "connection": 2, "note": "", "created_on": "2009-07-30 10:50:38", "updated_on": "2009-07-30 10:50:38", "type": "T"}}, {"pk": 4, "model": "cluster.telephonenumber", "fields": {"tags": "", "areacode": "06", "country": 1, "subscriber_number": 51197074, "connection": 2, "note": "", "created_on": "2009-07-30 10:50:38", "updated_on": "2009-07-30 10:50:38", "type": "C"}}, {"pk": 5, "model": "cluster.telephonenumber", "fields": {"tags": "", "areacode": "020", "country": 1, "subscriber_number": 5928019, "connection": 3, "note": "", "created_on": "2009-07-30 10:51:49", "updated_on": "2009-07-30 10:51:49", "type": "T"}}, {"pk": 6, "model": "cluster.telephonenumber", "fields": {"tags": "", "areacode": "06", "country": 1, "subscriber_number": 23786382, "connection": 3, "note": "", "created_on": "2009-07-30 10:51:49", "updated_on": "2009-07-30 10:51:49", "type": "C"}}, {"pk": 7, "model": "cluster.telephonenumber", "fields": {"tags": "", "areacode": "020", "country": 1, "subscriber_number": 5923097, "connection": 4, "note": "", "created_on": "2009-07-30 10:52:29", "updated_on": "2009-07-30 10:52:29", "type": "T"}}, {"pk": 8, "model": "cluster.telephonenumber", "fields": {"tags": "", "areacode": "06", "country": 1, "subscriber_number": 22238255, "connection": 4, "note": "", "created_on": "2009-07-30 10:52:29", "updated_on": "2009-07-30 10:52:29", "type": "C"}}, {"pk": 9, "model": "cluster.telephonenumber", "fields": {"tags": "", "areacode": "020", "country": 1, "subscriber_number": 5923021, "connection": 5, "note": "", "created_on": "2009-07-30 10:53:09", "updated_on": "2009-07-30 10:53:09", "type": "T"}}, {"pk": 10, "model": "cluster.telephonenumber", "fields": {"tags": "", "areacode": "06", "country": 1, "subscriber_number": 17417882, "connection": 5, "note": "", "created_on": "2009-07-30 10:53:09", "updated_on": "2009-07-30 10:53:09", "type": "C"}}, {"pk": 11, "model": "cluster.telephonenumber", "fields": {"tags": "", "areacode": "020", "country": 1, "subscriber_number": 6745309, "connection": 6, "note": "", "created_on": "2009-07-30 10:56:13", "updated_on": "2009-07-30 10:56:13", "type": "T"}}, {"pk": 12, "model": "cluster.telephonenumber", "fields": {"tags": "", "areacode": "06", "country": 1, "subscriber_number": 23962871, "connection": 6, "note": "", "created_on": "2009-07-30 10:56:13", "updated_on": "2009-07-30 10:56:13", "type": "C"}}, {"pk": 13, "model": "cluster.telephonenumber", "fields": {"tags": "", "areacode": "020", "country": 1, "subscriber_number": 6744313, "connection": 7, "note": "", "created_on": "2009-07-30 10:57:11", "updated_on": "2009-07-30 10:57:11", "type": "T"}}, {"pk": 14, "model": "cluster.telephonenumber", "fields": {"tags": "", "areacode": "020", "country": 1, "subscriber_number": 6744381, "connection": 8, "note": "", "created_on": "2009-07-30 10:58:05", "updated_on": "2009-07-30 10:58:05", "type": "T"}}, {"pk": 15, "model": "cluster.telephonenumber", "fields": {"tags": "", "areacode": "020", "country": 1, "subscriber_number": 6744401, "connection": 9, "note": "", "created_on": "2009-07-30 10:58:36", "updated_on": "2009-07-30 10:58:36", "type": "T"}}, {"pk": 16, "model": "cluster.telephonenumber", "fields": {"tags": "", "areacode": "033", "country": 1, "subscriber_number": 4515457, "connection": 10, "note": "", "created_on": "2009-07-30 11:01:41", "updated_on": "2009-07-30 11:01:41", "type": "T"}}, {"pk": 17, "model": "cluster.telephonenumber", "fields": {"tags": "", "areacode": "06", "country": 1, "subscriber_number": 11625633, "connection": 10, "note": "", "created_on": "2009-07-30 11:01:41", "updated_on": "2009-07-30 11:01:41", "type": "C"}}, {"pk": 18, "model": "cluster.telephonenumber", "fields": {"tags": "", "areacode": "033", "country": 1, "subscriber_number": 4516366, "connection": 10, "note": "", "created_on": "2009-07-30 11:01:41", "updated_on": "2009-07-30 11:01:41", "type": "F"}}, {"pk": 19, "model": "cluster.telephonenumber", "fields": {"tags": "", "areacode": "020", "country": 1, "subscriber_number": 2036612, "connection": 11, "note": "", "created_on": "2009-07-30 15:37:01", "updated_on": "2009-07-30 15:37:01", "type": "T"}}, {"pk": 20, "model": "cluster.telephonenumber", "fields": {"tags": "", "areacode": "020", "country": 1, "subscriber_number": 6745940, "connection": 12, "note": "", "created_on": "2009-07-30 15:37:47", "updated_on": "2009-07-30 15:37:47", "type": "T"}}, {"pk": 4, "model": "cluster.hardwaremodel", "fields": {"rackspace": 1, "vendor": 2, "name": "M600", "tags": "blade", "expansions": 0, "note": "", "created_on": "2009-07-30 12:06:43", "updated_on": "2009-07-30 12:06:43"}}, {"pk": 5, "model": "cluster.hardwaremodel", "fields": {"rackspace": 1, "vendor": 2, "name": "M610", "tags": "blade", "expansions": 0, "note": "", "created_on": "2009-07-30 12:06:58", "updated_on": "2009-07-30 12:06:58"}}, {"pk": 1, "model": "cluster.hardwaremodel", "fields": {"rackspace": 1, "vendor": 2, "name": "PowerEdge 1850", "tags": "", "expansions": 0, "note": "", "created_on": "2009-07-30 11:48:46", "updated_on": "2009-07-30 11:48:46"}}, {"pk": 2, "model": "cluster.hardwaremodel", "fields": {"rackspace": 1, "vendor": 2, "name": "PowerEdge 1950", "tags": "", "expansions": 0, "note": "", "created_on": "2009-07-30 11:49:01", "updated_on": "2009-07-30 11:49:01"}}, {"pk": 3, "model": "cluster.hardwaremodel", "fields": {"rackspace": 10, "vendor": 2, "name": "PowerEdge M1000e", "tags": "blade enclosure", "expansions": 22, "note": "Expansion slots:\r\n - 16 blades\r\n - 6 modules", "created_on": "2009-07-30 12:06:14", "updated_on": "2009-07-30 12:06:14"}}, {"pk": 5, "model": "cluster.role", "fields": {"note": "", "updated_on": "2009-07-29 11:59:08", "created_on": "2009-07-29 11:59:08", "label": "admin node", "tags": ""}}, {"pk": 1, "model": "cluster.role", "fields": {"note": "", "updated_on": "2009-07-29 11:58:24", "created_on": "2009-07-29 11:57:42", "label": "compute node", "tags": ""}}, {"pk": 8, "model": "cluster.role", "fields": {"note": "", "updated_on": "2009-07-29 12:01:05", "created_on": "2009-07-29 12:01:05", "label": "database server", "tags": ""}}, {"pk": 9, "model": "cluster.role", "fields": {"note": "", "updated_on": "2009-07-29 12:03:16", "created_on": "2009-07-29 12:03:16", "label": "ldap server", "tags": ""}}, {"pk": 6, "model": "cluster.role", "fields": {"note": "", "updated_on": "2009-07-29 11:59:12", "created_on": "2009-07-29 11:59:12", "label": "login node", "tags": ""}}, {"pk": 3, "model": "cluster.role", "fields": {"note": "", "updated_on": "2009-07-29 11:58:43", "created_on": "2009-07-29 11:58:43", "label": "patchpanel", "tags": ""}}, {"pk": 4, "model": "cluster.role", "fields": {"note": "", "updated_on": "2009-07-29 11:59:04", "created_on": "2009-07-29 11:59:04", "label": "pdu", "tags": ""}}, {"pk": 10, "model": "cluster.role", "fields": {"note": "", "updated_on": "2009-07-29 12:03:42", "created_on": "2009-07-29 12:03:42", "label": "project server", "tags": ""}}, {"pk": 2, "model": "cluster.role", "fields": {"note": "", "updated_on": "2009-07-29 11:57:46", "created_on": "2009-07-29 11:57:46", "label": "switch", "tags": ""}}, {"pk": 7, "model": "cluster.role", "fields": {"note": "", "updated_on": "2009-07-29 12:00:40", "created_on": "2009-07-29 12:00:40", "label": "wiki server", "tags": ""}}, {"pk": 1, "model": "cluster.interfacetype", "fields": {"vendor": 2, "tags": "", "label": "DRAC 4/I", "note": "", "created_on": "2009-07-30 12:28:55", "updated_on": "2009-08-03 11:18:45"}}, {"pk": 2, "model": "cluster.interfacetype", "fields": {"vendor": 2, "tags": "", "label": "DRAC 5", "note": "", "created_on": "2009-07-30 12:29:05", "updated_on": "2009-07-30 12:29:05"}}, {"pk": 5, "model": "cluster.interfacetype", "fields": {"vendor": null, "tags": "", "label": "Gigabit Ethernet", "note": "", "created_on": "2009-07-30 14:40:25", "updated_on": "2009-07-30 14:40:25"}}, {"pk": 7, "model": "cluster.interfacetype", "fields": {"vendor": 2, "tags": "", "label": "iDRAC", "note": "Integrated Dell Remote Access Controller (iDRAC)", "created_on": "2009-08-03 11:20:16", "updated_on": "2009-08-03 11:21:46"}}, {"pk": 3, "model": "cluster.interfacetype", "fields": {"vendor": 2, "tags": "", "label": "iDRAC 6", "note": "Integrated Dell Remote Access Controller 6 - Enterprise (iDRAC)", "created_on": "2009-07-30 12:35:44", "updated_on": "2009-08-03 11:21:55"}}, {"pk": 6, "model": "cluster.interfacetype", "fields": {"vendor": 4, "tags": "", "label": "ILOM", "note": "", "created_on": "2009-07-30 14:44:34", "updated_on": "2009-07-30 14:44:34"}}, {"pk": 4, "model": "cluster.interfacetype", "fields": {"vendor": null, "tags": "", "label": "Infiniband DDR", "note": "", "created_on": "2009-07-30 14:40:12", "updated_on": "2009-07-30 14:40:12"}}, {"pk": 1, "model": "cluster.warrantytype", "fields": {"tags": "", "label": "Dell Gold Support", "note": "", "created_on": "2009-07-30 15:42:19", "contact": 11, "updated_on": "2009-07-30 15:42:19"}}, {"pk": 1, "model": "cluster.warrantycontract", "fields": {"tags": "", "date_from": "2004-09-01", "label": "LISA I(NCF,UvA,CLS,NBIC)", "note": "256 nodes (2 cores per node) ", "created_on": "2009-07-30 16:13:58", "date_to": "2007-09-01", "updated_on": "2009-07-30 16:13:58", "type": 1}}, {"pk": 2, "model": "cluster.warrantycontract", "fields": {"tags": "", "date_from": "2006-01-31", "label": "LISA II & III(NCF/FOM, VU)", "note": "376 nodes (2 cores per node) ", "created_on": "2009-07-30 16:15:05", "date_to": "2009-01-31", "updated_on": "2009-07-30 16:15:05", "type": 1}}, {"pk": 3, "model": "cluster.warrantycontract", "fields": {"tags": "", "date_from": "2006-06-01", "label": "LISA III(2) Danielle", "note": "64 nodes (2 cores per node)", "created_on": "2009-07-30 16:15:49", "date_to": "2009-06-01", "updated_on": "2009-07-30 16:15:49", "type": 1}}, {"pk": 5, "model": "cluster.warrantycontract", "fields": {"tags": "", "date_from": "2009-02-04", "label": "LISA I vervanging", "note": "176 nodes (8 cores per node)", "created_on": "2009-07-30 16:17:53", "date_to": "2012-05-04", "updated_on": "2009-07-30 16:17:53", "type": null}}, {"pk": 4, "model": "cluster.warrantycontract", "fields": {"tags": "", "date_from": "2007-09-01", "label": "LISA IV (VU & UvA)", "note": "100 nodes (8 cores per node)", "created_on": "2009-07-30 16:16:29", "date_to": "2010-09-01", "updated_on": "2009-07-30 16:18:16", "type": 1}}]
